-- data.sql

-- 1. 외래 키 제약 조건 해제 (MySQL 기준)
SET
FOREIGN_KEY_CHECKS = 0;

-- 2. 관련 테이블의 데이터 초기화
TRUNCATE TABLE user_skills;
TRUNCATE TABLE user_posts;
TRUNCATE TABLE user;

ALTER TABLE user AUTO_INCREMENT = 51;

-- 3. 외래 키 제약 조건 다시 활성화
SET
FOREIGN_KEY_CHECKS = 1;

-- =======================================================
-- I. USER (인증 사용자) 데이터 삽입 (50명)
-- ID는 1부터 50까지 사용
-- =======================================================

-- 사용자 이름 패턴을 다양하게 적용
INSERT INTO user (id, email, password, username, user_role, created_at, modified_at, nickname)
VALUES (1, 'dev.alice@moem.com', 'encoded_password', 'AliceDev', 'ROLE_USER', NOW(), NOW(), '앨리스'),
       (2, 'jake.p@moem.com', 'encoded_password', 'JakeP_Spring', 'ROLE_USER', NOW(), NOW(), '제이크'),
       (3, 'data.cathy@moem.com', 'encoded_password', 'DataCathy', 'ROLE_USER', NOW(), NOW(), '데이터캐시'),
       (4, 'web.david@moem.com', 'encoded_password', 'WebDavid', 'ROLE_USER', NOW(), NOW(), '웹데이비드'),
       (5, 'full.emma@moem.com', 'encoded_password', 'EmmaFS', 'ROLE_USER', NOW(), NOW(), '에마'),
       (6, 'backend.finn@moem.com', 'encoded_password', 'FinnBackend', 'ROLE_USER', NOW(), NOW(), '핀'),
       (7, 'front.grace@moem.com', 'encoded_password', 'GraceReact', 'ROLE_USER', NOW(), NOW(), '그레이스'),
       (8, 'ml.henry@moem.com', 'encoded_password', 'HenryML', 'ROLE_USER', NOW(), NOW(), '헨리'),
       (9, 'pm.irene@moem.com', 'encoded_password', 'IrenePM', 'ROLE_USER', NOW(), NOW(), '아이린'),
       (10, 'mobile.jack@moem.com', 'encoded_password', 'JackMobile', 'ROLE_USER', NOW(), NOW(), '잭'),
       (11, 'user11@moem.com', 'encoded_password', 'Skill11_FE', 'ROLE_USER', NOW(), NOW(), '스킬11'),
       (12, 'user12@moem.com', 'encoded_password', 'Skill12_BE', 'ROLE_USER', NOW(), NOW(), '스킬12'),
       (13, 'user13@moem.com', 'encoded_password', 'Skill13_DS', 'ROLE_USER', NOW(), NOW(), '스킬13'),
       (14, 'user14@moem.com', 'encoded_password', 'Skill14_FS', 'ROLE_USER', NOW(), NOW(), '스킬14'),
       (15, 'user15@moem.com', 'encoded_password', 'Skill15_DE', 'ROLE_USER', NOW(), NOW(), '스킬15'),
       (16, 'user16@moem.com', 'encoded_password', 'Skilled16', 'ROLE_USER', NOW(), NOW(), '숙련16'),
       (17, 'user17@moem.com', 'encoded_password', 'Skilled17', 'ROLE_USER', NOW(), NOW(), '숙련17'),
       (18, 'user18@moem.com', 'encoded_password', 'Skilled18', 'ROLE_USER', NOW(), NOW(), '숙련18'),
       (19, 'user19@moem.com', 'encoded_password', 'Skilled19', 'ROLE_USER', NOW(), NOW(), '숙련19'),
       (20, 'user20@moem.com', 'encoded_password', 'Skilled20', 'ROLE_USER', NOW(), NOW(), '숙련20'),
       (21, 'user21@moem.com', 'encoded_password', 'Coder21', 'ROLE_USER', NOW(), NOW(), '코더21'),
       (22, 'user22@moem.com', 'encoded_password', 'Coder22', 'ROLE_USER', NOW(), NOW(), '코더22'),
       (23, 'user23@moem.com', 'encoded_password', 'Coder23', 'ROLE_USER', NOW(), NOW(), '코더23'),
       (24, 'user24@moem.com', 'encoded_password', 'Coder24', 'ROLE_USER', NOW(), NOW(), '코더24'),
       (25, 'user25@moem.com', 'encoded_password', 'Coder25', 'ROLE_USER', NOW(), NOW(), '코더25'),
       (26, 'user26@moem.com', 'encoded_password', 'Dev26', 'ROLE_USER', NOW(), NOW(), '개발자26'),
       (27, 'user27@moem.com', 'encoded_password', 'Dev27', 'ROLE_USER', NOW(), NOW(), '개발자27'),
       (28, 'user28@moem.com', 'encoded_password', 'Dev28', 'ROLE_USER', NOW(), NOW(), '개발자28'),
       (29, 'user29@moem.com', 'encoded_password', 'Dev29', 'ROLE_USER', NOW(), NOW(), '개발자29'),
       (30, 'user30@moem.com', 'encoded_password', 'Dev30', 'ROLE_USER', NOW(), NOW(), '개발자30'),
       (31, 'user31@moem.com', 'encoded_password', 'Focus31', 'ROLE_USER', NOW(), NOW(), '포커스31'),
       (32, 'user32@moem.com', 'encoded_password', 'Focus32', 'ROLE_USER', NOW(), NOW(), '포커스32'),
       (33, 'user33@moem.com', 'encoded_password', 'Focus33', 'ROLE_USER', NOW(), NOW(), '포커스33'),
       (34, 'user34@moem.com', 'encoded_password', 'Focus34', 'ROLE_USER', NOW(), NOW(), '포커스34'),
       (35, 'user35@moem.com', 'encoded_password', 'Focus35', 'ROLE_USER', NOW(), NOW(), '포커스35'),
       (36, 'user36@moem.com', 'encoded_password', 'Expert36', 'ROLE_USER', NOW(), NOW(), '전문가36'),
       (37, 'user37@moem.com', 'encoded_password', 'Expert37', 'ROLE_USER', NOW(), NOW(), '전문가37'),
       (38, 'user38@moem.com', 'encoded_password', 'Expert38', 'ROLE_USER', NOW(), NOW(), '전문가38'),
       (39, 'user39@moem.com', 'encoded_password', 'Expert39', 'ROLE_USER', NOW(), NOW(), '전문가39'),
       (40, 'user40@moem.com', 'encoded_password', 'Expert40', 'ROLE_USER', NOW(), NOW(), '전문가40'),
       (41, 'user41@moem.com', 'encoded_password', 'Project41', 'ROLE_USER', NOW(), NOW(), '프로젝트41'),
       (42, 'user42@moem.com', 'encoded_password', 'Project42', 'ROLE_USER', NOW(), NOW(), '프로젝트42'),
       (43, 'user43@moem.com', 'encoded_password', 'Project43', 'ROLE_USER', NOW(), NOW(), '프로젝트43'),
       (44, 'user44@moem.com', 'encoded_password', 'Project44', 'ROLE_USER', NOW(), NOW(), '프로젝트44'),
       (45, 'user45@moem.com', 'encoded_password', 'Project45', 'ROLE_USER', NOW(), NOW(), '프로젝트45'),
       (46, 'user46@moem.com', 'encoded_password', 'Tech46', 'ROLE_USER', NOW(), NOW(), '테크46'),
       (47, 'user47@moem.com', 'encoded_password', 'Tech47', 'ROLE_USER', NOW(), NOW(), '테크47'),
       (48, 'user48@moem.com', 'encoded_password', 'Tech48', 'ROLE_USER', NOW(), NOW(), '테크48'),
       (49, 'user49@moem.com', 'encoded_password', 'Tech49', 'ROLE_USER', NOW(), NOW(), '테크49'),
       (50, 'user50@moem.com', 'encoded_password', 'Tech50', 'ROLE_USER', NOW(), NOW(), '테크50');


-- =======================================================
-- II. USER_POSTS (프로필 상세 정보) 데이터 삽입 (50개)
-- ID는 1001부터 1050까지, auth_id는 1부터 50까지 매핑
-- =======================================================

INSERT INTO user_posts (id, auth_id, intro, work_style, collaboration_period, contact_type, contact_value, created_at,
                        updated_at, ai_summary)
VALUES (1001, 1, '5년차 리액트 전문가, 타입스크립트로 클린 코드를 지향합니다.', '원격', '6개월 이상', 'email', 'user1@test.com', NOW(), NOW(), NULL),
       (1002, 2, 'Spring Security와 JPA를 활용한 고성능 백엔드 아키텍처 전문가.', '하이브리드', '4-6개월', 'phone', '010-2222-1111', NOW(),
        NOW(), NULL),
       (1003, 3, 'Python 기반 데이터 분석, 통계 모델링 및 시각화 담당합니다.', '원격', '2-3개월', 'kakao', 'cathy_data', NOW(), NOW(), NULL),
       (1004, 4, 'HTML/CSS 최적화 및 웹 접근성에 높은 이해를 가진 퍼블리셔 겸 FE 개발자.', '오프라인', '1개월 미만', 'email', 'user4@test.com', NOW(),
        NOW(), NULL),
       (1005, 5, 'Java 백엔드와 Vue 프론트엔드를 모두 경험한 풀스택.', '하이브리드', '4-6개월', 'email', 'user5@test.com', NOW(), NOW(), NULL),
       (1006, 6, 'MSA 환경 구축 및 Docker, Kubernetes 운영 경험 다수.', '원격', '6개월 이상', 'phone', '010-6666-5555', NOW(), NOW(),
        NULL),
       (1007, 7, 'UI/UX 기반 디자인 시스템 구축 및 Jest 테스트 커버리지 90% 달성.', '오프라인', '2-3개월', 'email', 'user7@test.com', NOW(),
        NOW(), NULL),
       (1008, 8, 'TensorFlow, PyTorch를 활용한 딥러닝 모델 배포 경력 보유.', '원격', '4-6개월', 'kakao', 'henry_ml', NOW(), NOW(), NULL),
       (1009, 9, '애자일 방법론 기반 프로젝트 관리 및 팀 리딩 경험.', '하이브리드', '6개월 이상', 'email', 'user9@test.com', NOW(), NOW(), NULL),
       (1010, 10, 'Flutter와 Swift를 이용한 크로스 플랫폼/네이티브 앱 개발.', '오프라인', '2-3개월', 'phone', '010-1010-2020', NOW(), NOW(),
        NULL),
       (1011, 11, '경력 2년차 주니어 프론트엔드 개발자. 빠른 성장이 강점.', '원격', '1개월 미만', 'email', 'user11@test.com', NOW(), NOW(), NULL),
       (1012, 12, '클라우드 환경에서 API 게이트웨이 설계 경험 보유.', '하이브리드', '4-6개월', 'email', 'user12@test.com', NOW(), NOW(), NULL),
       (1013, 13, 'R을 이용한 통계 분석 및 A/B 테스트 설계.', '오프라인', '6개월 이상', 'kakao', 'skill13_ds', NOW(), NOW(), NULL),
       (1014, 14, '작은 규모의 스타트업에서 제품 전체를 총괄했던 경험.', '원격', '2-3개월', 'phone', '010-1414-2828', NOW(), NOW(), NULL),
       (1015, 15, 'GraphQL API 설계 및 NoSQL 데이터베이스 관리.', '하이브리드', '4-6개월', 'email', 'user15@test.com', NOW(), NOW(),
        NULL),
       (1016, 16, '대규모 트래픽 처리 경험이 풍부한 Java 개발자.', '오프라인', '6개월 이상', 'email', 'user16@test.com', NOW(), NOW(), NULL),
       (1017, 17, 'React Hooks와 Context API 숙련자.', '원격', '1개월 미만', 'kakao', 'skilled17', NOW(), NOW(), NULL),
       (1018, 18, 'Redis 캐시 및 성능 최적화 전문가.', '하이브리드', '2-3개월', 'phone', '010-1818-3636', NOW(), NOW(), NULL),
       (1019, 19, 'SaaS 제품의 초기 설계부터 배포까지 경험.', '원격', '4-6개월', 'email', 'user19@test.com', NOW(), NOW(), NULL),
       (1020, 20, 'C++와 임베디드 시스템 개발 경력 8년.', '오프라인', '6개월 이상', 'email', 'user20@test.com', NOW(), NOW(), NULL),
       (1021, 21, 'TypeScript에 능숙한 주니어 백엔드 개발자.', '하이브리드', '1개월 미만', 'kakao', 'coder21', NOW(), NOW(), NULL),
       (1022, 22, 'Kotlin을 선호하며 안드로이드 네이티브 앱 개발 전문가.', '원격', '2-3개월', 'phone', '010-2222-4444', NOW(), NOW(), NULL),
       (1023, 23, '빅데이터 처리(Hadoop, Spark) 파이프라인 구축.', '오프라인', '4-6개월', 'email', 'user23@test.com', NOW(), NOW(), NULL),
       (1024, 24, '웹 표준 준수 및 크로스 브라우징 완벽 지원.', '하이브리드', '6개월 이상', 'email', 'user24@test.com', NOW(), NOW(), NULL),
       (1025, 25, '클라우드 인프라(AWS, GCP) 자동화 경험.', '원격', '1개월 미만', 'kakao', 'coder25', NOW(), NOW(), NULL),
       (1026, 26, 'Java Swing을 포함한 레거시 시스템 마이그레이션 전문가.', '오프라인', '2-3개월', 'phone', '010-2626-5252', NOW(), NOW(), NULL),
       (1027, 27, '프론트엔드 빌드 최적화 및 웹팩 설정 경험.', '하이브리드', '4-6개월', 'email', 'user27@test.com', NOW(), NOW(), NULL),
       (1028, 28, 'Python Django와 Flask를 이용한 RESTful API 개발.', '원격', '6개월 이상', 'email', 'user28@test.com', NOW(), NOW(),
        NULL),
       (1029, 29, 'React Native로 모바일 앱 배포 및 유지보수 경험.', '오프라인', '1개월 미만', 'kakao', 'dev29', NOW(), NOW(), NULL),
       (1030, 30, 'SQL 튜닝 및 데이터베이스 성능 진단 전문가.', '하이브리드', '2-3개월', 'phone', '010-3030-6060', NOW(), NOW(), NULL),
       (1031, 31, '프론트엔드 상태 관리를 Redux Toolkit으로 통일합니다.', '원격', '4-6개월', 'email', 'user31@test.com', NOW(), NOW(), NULL),
       (1032, 32, 'Spring Cloud Config와 Eureka를 이용한 분산 시스템 구축.', '오프라인', '6개월 이상', 'email', 'user32@test.com', NOW(),
        NOW(), NULL),
       (1033, 33, 'Pandas와 NumPy를 활용한 대규모 데이터 전처리.', '하이브리드', '1개월 미만', 'kakao', 'focus33', NOW(), NOW(), NULL),
       (1034, 34, 'TDD(Test-Driven Development) 실천 경험.', '원격', '2-3개월', 'phone', '010-3434-6868', NOW(), NOW(), NULL),
       (1035, 35, 'Jenkins, GitLab CI/CD 파이프라인 자동화.', '오프라인', '4-6개월', 'email', 'user35@test.com', NOW(), NOW(), NULL),
       (1036, 36, 'Go 언어를 사용한 고효율 백엔드 서비스 개발.', '하이브리드', '6개월 이상', 'email', 'user36@test.com', NOW(), NOW(), NULL),
       (1037, 37, 'Next.js를 활용한 SSR 및 SEO 최적화 전문가.', '원격', '1개월 미만', 'kakao', 'expert37', NOW(), NOW(), NULL),
       (1038, 38, 'Elasticsearch를 이용한 전문 검색 시스템 구축.', '오프라인', '2-3개월', 'phone', '010-3838-7676', NOW(), NOW(), NULL),
       (1039, 39, 'NoSQL DB (MongoDB) 스키마 설계 및 운영.', '하이브리드', '4-6개월', 'email', 'user39@test.com', NOW(), NOW(), NULL),
       (1040, 40, '보안 취약점 분석 및 침투 테스트 경험.', '원격', '6개월 이상', 'email', 'user40@test.com', NOW(), NOW(), NULL),
       (1041, 41, '프로젝트 초기 세팅 및 기술 스택 결정 리드 경험.', '오프라인', '1개월 미만', 'kakao', 'project41', NOW(), NOW(), NULL),
       (1042, 42, '이커머스 플랫폼 개발 참여 (결제, 주문 시스템).', '하이브리드', '2-3개월', 'phone', '010-4242-8484', NOW(), NOW(), NULL),
       (1043, 43, '블록체인(Ethereum, Solidity) 개발 경험.', '원격', '4-6개월', 'email', 'user43@test.com', NOW(), NOW(), NULL),
       (1044, 44, '게임 서버(Unity/C#) 개발 및 운영 경험.', '오프라인', '6개월 이상', 'email', 'user44@test.com', NOW(), NOW(), NULL),
       (1045, 45, 'Vue.js와 Vuetify를 사용한 관리자 페이지 개발 전문.', '하이브리드', '1개월 미만', 'kakao', 'project45', NOW(), NOW(), NULL),
       (1046, 46, '프론트엔드 성능 측정 및 개선 전문가.', '원격', '2-3개월', 'phone', '010-4646-9292', NOW(), NOW(), NULL),
       (1047, 47, 'Spring WebFlux를 이용한 비동기 백엔드 구축.', '오프라인', '4-6개월', 'email', 'user47@test.com', NOW(), NOW(), NULL),
       (1048, 48, '머신러닝 MLOps 파이프라인 자동화 전문가.', '하이브리드', '6개월 이상', 'email', 'user48@test.com', NOW(), NOW(), NULL),
       (1049, 49, '웹 보안 (XSS, CSRF 방어) 설정 전문가.', '원격', '1개월 미만', 'kakao', 'tech49', NOW(), NOW(), NULL),
       (1050, 50, '데이터베이스 ERD 설계 및 정규화 전문가.', '오프라인', '2-3개월', 'phone', '010-5050-1010', NOW(), NOW(), NULL);


-- =======================================================
-- III. USER_SKILLS (기술 스택) 데이터 삽입 (50명 X 최소 3개)
-- =======================================================
INSERT INTO user_skills (user_post_id, skill)
VALUES (1001, 'React'),
       (1001, 'TypeScript'),
       (1001, 'Redux'),
       (1002, 'Java'),
       (1002, 'Spring'),
       (1002, 'MySQL'),
       (1002, 'Kafka'),
       (1003, 'Python'),
       (1003, 'Pandas'),
       (1003, 'ML'),
       (1004, 'HTML'),
       (1004, 'CSS'),
       (1004, 'JavaScript'),
       (1005, 'Java'),
       (1005, 'Vue.js'),
       (1005, 'Spring'),
       (1005, 'PostgreSQL'),
       (1006, 'Java'),
       (1006, 'Docker'),
       (1006, 'Kubernetes'),
       (1007, 'React'),
       (1007, 'CSS'),
       (1007, 'Jest'),
       (1008, 'Python'),
       (1008, 'TensorFlow'),
       (1008, 'PyTorch'),
       (1009, 'JIRA'),
       (1009, 'Confluence'),
       (1009, 'Scrum'),
       (1010, 'Flutter'),
       (1010, 'Swift'),
       (1010, 'Dart'),
       (1011, 'React'),
       (1011, 'JavaScript'),
       (1011, 'Redux'),
       (1012, 'Spring'),
       (1012, 'AWS'),
       (1012, 'Eureka'),
       (1013, 'Python'),
       (1013, 'R'),
       (1013, 'SQL'),
       (1014, 'Node.js'),
       (1014, 'Express'),
       (1014, 'MongoDB'),
       (1015, 'TypeScript'),
       (1015, 'GraphQL'),
       (1015, 'MongoDB'),
       (1016, 'Java'),
       (1016, 'JPA'),
       (1016, 'Kafka'),
       (1016, 'Redis'),
       (1017, 'React'),
       (1017, 'Next.js'),
       (1017, 'Tailwind'),
       (1018, 'Spring'),
       (1018, 'Redis'),
       (1018, 'MySQL'),
       (1019, 'Go'),
       (1019, 'gRPC'),
       (1019, 'PostgreSQL'),
       (1020, 'C++'),
       (1020, 'Embedded'),
       (1020, 'Linux'),
       (1021, 'TypeScript'),
       (1021, 'Node.js'),
       (1021, 'Express'),
       (1022, 'Kotlin'),
       (1022, 'Android'),
       (1022, 'Jetpack Compose'),
       (1023, 'Python'),
       (1023, 'Hadoop'),
       (1023, 'Spark'),
       (1024, 'HTML'),
       (1024, 'CSS'),
       (1024, 'Sass'),
       (1025, 'AWS'),
       (1025, 'Terraform'),
       (1025, 'Docker'),
       (1026, 'Java'),
       (1026, 'Swing'),
       (1026, 'Oracle'),
       (1027, 'React'),
       (1027, 'Webpack'),
       (1027, 'Babel'),
       (1028, 'Python'),
       (1028, 'Django'),
       (1028, 'Flask'),
       (1029, 'React Native'),
       (1029, 'iOS'),
       (1029, 'Android'),
       (1030, 'MySQL'),
       (1030, 'SQL'),
       (1030, 'Tuning'),
       (1031, 'React'),
       (1031, 'Redux'),
       (1031, 'Zustand'),
       (1032, 'Spring'),
       (1032, 'Eureka'),
       (1032, 'Config'),
       (1033, 'Python'),
       (1033, 'Pandas'),
       (1033, 'NumPy'),
       (1034, 'Java'),
       (1034, 'JUnit'),
       (1034, 'Mockito'),
       (1035, 'Jenkins'),
       (1035, 'GitLab CI'),
       (1035, 'Helm'),
       (1036, 'Go'),
       (1036, 'Microservices'),
       (1036, 'Redis'),
       (1037, 'Next.js'),
       (1037, 'Vercel'),
       (1037, 'SEO'),
       (1038, 'Elasticsearch'),
       (1038, 'Logstash'),
       (1038, 'Kibana'),
       (1039, 'MongoDB'),
       (1039, 'NoSQL'),
       (1039, 'Mongoose'),
       (1040, 'Security'),
       (1040, 'Penetration Testing'),
       (1040, 'OWASP'),
       (1041, 'Project Management'),
       (1041, 'JIRA'),
       (1041, 'Confluence'),
       (1042, 'Java'),
       (1042, 'Spring'),
       (1042, 'Payment Gateway'),
       (1043, 'Blockchain'),
       (1043, 'Solidity'),
       (1043, 'Ethereum'),
       (1044, 'Unity'),
       (1044, 'C#'),
       (1044, 'Game Dev'),
       (1045, 'Vue.js'),
       (1045, 'Vuetify'),
       (1045, 'Sass'),
       (1046, 'React'),
       (1046, 'Performance'),
       (1046, 'Lighthouse'),
       (1047, 'Spring'),
       (1047, 'WebFlux'),
       (1047, 'Reactive'),
       (1048, 'Python'),
       (1048, 'Kubeflow'),
       (1048, 'MLOps'),
       (1049, 'Security'),
       (1049, 'XSS'),
       (1049, 'CSRF'),
       (1050, 'SQL'),
       (1050, 'ERD'),
       (1050, 'Normalization');

-- 중복 스택 추가 (테스트 용이성을 위해 일부 사용자에게 더 많은 스택 부여)
INSERT INTO user_skills (user_post_id, skill)
VALUES (1001, 'HTML'),
       (1001, 'Jest'),
       (1002, 'Hibernate'),
       (1002, 'Redis'),
        (1007, 'TypeScript'),
       (1007, 'Figma'),
       (1012, 'Docker'),
       (1012, 'Kubernetes'),
       (1019, 'Docker'),
       (1019, 'AWS');